_1M1;O0.00;BIT;Lower lifting cylinder
_1M2;O0.01;BIT;Raise lifting cylinder
_2M1;O0.02;BIT;Extend ejecting cylinder
_3M1;O0.03;BIT;air slide on 
IP_N_FO;O0.07;BIT;station occupied
_P1;O1.00;BIT;Start indicator light
_P2;O1.01;BIT;Reset indicator light
_P3;O1.03;BIT;Ind. light mat. 1: 0=bk 1=rd 1=si
Part_AV;I0.00;BIT;Workpiece available
B2;I0.01;BIT;not black workpiece
B4;I0.02;BIT;Safety light barrier
B5;I0.03;BIT;Workpiece height correct
_1B1;I0.04;BIT;Lifting cylinder raised
_1B2;I0.05;BIT;Lifting cylinder lowered
_2B1;I0.06;BIT;Ejecting cylinder retracted
IP_FI;I0.07;BIT;Downstream station free
S1;I1.00;BIT;Start button
S2;I1.01;BIT;Stop button (normally closed)
S3;I1.02;BIT;Automatic-manual switch
S4;I1.03;BIT;Reset button
Em_Stop;I1.05;BIT;Emergency stop unlocked
F_Start;F24.00;BIT;Start flag
Init_Pos;F24.01;BIT;Testing station in initial position
Reset_OK;F24.02;BIT;Reset finished
CycleEnd;F24.03;BIT;Cycle end
Init_Bit;F24.05;BIT;Initialisation bit
delay1;F24.06;BIT;Flag delay time 1 expired
Timer1;T0;BIT;
OWStat;OW0;WORD(Bin);
OWPan;OW1;WORD(Bin);
Var1;FW24;WORD(Bin);
P_Edge;F24.07;BIT;Edge flag
T_Blink1;T1;BIT;Blink timer 1
T_Blink2;T2;BIT;Blink timer 2
