_K1;O0.00;BIT;belt motor on
_1M1;O0.01;BIT;Extend switch 1
_2M1;O0.02;BIT;Extend switch 2
_3M1;O0.03;BIT;Retract stopper
IP_N_FO;O0.07;BIT;station occupied
_P1;O1.00;BIT;Start indicator light
_P2;O1.01;BIT;Reset indicator light
_P3;O1.02;BIT;Slide full indicator light
OWStat;OW0;WORD(Bin);outputbyte station
OWPan;OW1;WORD(Bin);outputbyte panel
B2;I0.01;BIT;Metallic workpiece
B3;I0.02;BIT;Workpiece not black
B4;I0.03;BIT;Slide full
_1B1;I0.04;BIT;Switch 1 retracted
_1B2;I0.05;BIT;Switch 1 extended
_2B1;I0.06;BIT;Switch 2 retracted
_2B2;I0.07;BIT;Switch 2 extended
S1;I1.00;BIT;Start button
S2;I1.01;BIT;Stop button (normally closed)
S3;I1.02;BIT;Automatic-manual switch
S4;I1.03;BIT;Reset button
F_Start;F74.00;BIT;Start flag
Init_Pos;F74.01;BIT;Sorting station in initial position
Reset_OK;F74.02;BIT;Reset succesfully completed
CycleEnd;F74.03;BIT;Cycle end
Init_Bit;F74.05;BIT;Initialisation bit
delay1;F74.06;BIT;Flag delay time 1 expired
P_Edge1;F74.07;BIT;edgeflag 1
EM_Stop;I1.05;BIT;Emergency stop unlocked
Part_AV;I0.00;BIT;Part available
Timer1;T0;BIT;
Var1;FW74;WORD(Bin);Variable 1
P_Edge;F74.08;BIT;Edge flag
T_Blink1;T1;BIT;Blink timer 1
T_Blink2;T2;BIT;Blink timer 2
