OWStat;O0;WORD(Bin);outputbyte station
OWPan;O1;WORD(Bin);outputbyte panel
_1B2;OW0.01;BIT;Ejecting cylinder extended (p i)
_1B1;OW0.02;BIT;Ejecting cylinder retractet (p o)
_3B1;OW0.04;BIT;Swivel drive in pos. magazine
_3B2;OW0.05;BIT;Swivel drive i. pos. subsequ. stat.
_B4;OW0.06;BIT;Magazine empty
IP_FI;OW0.07;BIT;Downstream station free
_2B1;OW0.03;BIT;Workpiece picked up
Em_Stop;OW1.05;BIT;Emergency stop unlocked
S1;OW1.00;BIT;Start button
S2;OW1.01;BIT;Stop button (normally closed)
S3;OW1.02;BIT;Automatic-manual switch
S4;OW1.03;BIT;Reset button
Var1;FW14;WORD(Bin);
T_Blink1;T0;BIT;Blink timer 1
T_Blink2;T1;BIT;Blink timer 2
